startup_name,year_died,funding_burned_usd,category,failure_reason,headquarters,investors,source,data_quality,founded,source_file,year_of_failure,funding_raised,data_source,title,year,funding_estimate,failure_type,link,excerpt,date
Byju's,2024.0,5500000000.0,EdTech,"Debt crisis, multiple lawsuits, insolvency proceedings, governance issues",Bangalore,"Prosus, Tiger Global, General Atlantic, Sequoia",https://economictimes.indiatimes.com/tech/startups/byjus-crisis,Verified,2011.0,indian_startup_graveyard_complete.csv,,,,,,,,,,
Udaan,2024.0,1850000000.0,B2B E-commerce,"Massive losses, down rounds, layoffs, pivot struggles",Bangalore,"DST Global, Lightspeed, GGV Capital",https://entrackr.com/2024/udaan-struggles-layoffs/,Verified,2016.0,indian_startup_graveyard_complete.csv,,,,,,,,,,
Zepto,2026.0,1300000000.0,Quick Commerce,"Cash burn concerns, competition from Blinkit/Instamart",Mumbai,"Y Combinator, Nexus, Glade Brook",https://inc42.com/buzz/zepto-2026-challenges/,Verified,2021.0,indian_startup_graveyard_complete.csv,,,,,,,,,,
Pharmeasy,2025.0,1200000000.0,HealthTech / Pharmacy,"IPO shelved, valuation crashed from $5.6B to $700M, layoffs",Mumbai,"Temasek, Prosus, TPG",https://inc42.com/buzz/pharmeasy-valuation-crash/,Verified,2015.0,indian_startup_graveyard_complete.csv,,,,,,,,,,
ShareChat (Major Crisis),2024.0,1100000000.0,Social Media,"500+ layoffs, shut down fantasy gaming, valuation crash",Bangalore,"Google, Tiger Global, Snap Inc.",https://techcrunch.com/2024/sharechat-layoffs/,Verified,2015.0,indian_startup_graveyard_complete.csv,,,,,,,,,,
Meesho (Mass Layoffs),2026.0,1100000000.0,Social Commerce,"Large-scale layoffs, profitability pressure",Bangalore,"SoftBank, Prosus, Facebook",https://inc42.com/buzz/meesho-layoffs-2026/,Verified,2015.0,indian_startup_graveyard_complete.csv,,,,,,,,,,
Cars24,2025.0,900000000.0,Used Cars Marketplace,"International exit, heavy layoffs, valuation drop",Gurugram,"DST Global, SoftBank, Yuri Milner",https://yourstory.com/2025/cars24-crisis,Verified,2015.0,indian_startup_graveyard_complete.csv,,,,,,,,,,
Unacademy,2025.0,880000000.0,EdTech,"Continuous layoffs, shut down group companies, pivot struggles",Bangalore,"SoftBank, General Atlantic, Tiger Global",https://entrackr.com/2025/unacademy-shutdown/,Verified,2015.0,indian_startup_graveyard_complete.csv,,,,,,,,,,
Ola Electric (Crisis),2024.0,800000000.0,Electric Vehicles,"Service issues, regulatory problems, stock crash post-IPO",Bangalore,"SoftBank, Tiger Global",https://www.livemint.com/companies/ola-electric-troubles/,Verified,2017.0,indian_startup_graveyard_complete.csv,,,,,,,,,,
BharatPe (Founder Exit),2024.0,650000000.0,FinTech,"Founder ousted for fraud, governance crisis, lawsuits",Delhi NCR,"Sequoia, Coatue, Tiger Global",https://inc42.com/buzz/bharatpe-ashneer-grover-crisis/,Verified,2018.0,indian_startup_graveyard_complete.csv,,,,,,,,,,
Zetwerk (Layoffs),2025.0,560000000.0,B2B Manufacturing,"Layoffs, margin pressures",Bangalore,"Greenoaks, Lightspeed, Sequoia",https://entrackr.com/2025/zetwerk-layoffs/,Verified,2018.0,indian_startup_graveyard_complete.csv,,,,,,,,,,
Curefit (Cult.fit),2025.0,550000000.0,Fitness / HealthTech,"Layoffs, shut down food vertical, gym closures",Bangalore,"Zomato, Tata Digital, Accel",https://entrackr.com/2025/curefit-cult-layoffs/,Verified,2016.0,indian_startup_graveyard_complete.csv,,,,,,,,,,
Good Glamm Group (Crisis),2024.0,500000000.0,D2C Beauty / E-commerce,"Heavy debt, founder exit, brand shutdowns, layoffs",Mumbai,"Warburg Pincus, Prosus, L'Oreal",https://entrackr.com/2024/good-glamm-crisis/,Verified,2015.0,indian_startup_graveyard_complete.csv,,,,,,,,,,
Grofers (Rebranded),2021.0,500000000.0,Grocery Delivery,Massive pivot to Blinkit after years of losses,Gurugram,"SoftBank, Tiger Global, Sequoia",News reports,Verified,2013.0,indian_startup_graveyard_complete.csv,,,,,,,,,,
OfBusiness,2025.0,500000000.0,B2B Commerce / Lending,"Layoffs, growth slowdown",Gurugram,"SoftBank, Falcon Edge, Matrix Partners",https://entrackr.com/2025/ofbusiness-layoffs/,Verified,2016.0,indian_startup_graveyard_complete.csv,,,,,,,,,,
Urban Company,2026.0,500000000.0,Home Services,"IPO struggles, partner unrest, layoffs",Gurugram,"Prosus, Tiger Global, Vy Capital",https://inc42.com/buzz/urban-company-2026/,Verified,2014.0,indian_startup_graveyard_complete.csv,,,,,,,,,,
Licious (Layoffs),2024.0,490000000.0,D2C Meat Delivery,"Multiple layoff rounds, profitability struggles",Bangalore,"Temasek, Multiples PE, 3one4 Capital",https://inc42.com/buzz/licious-layoffs-2024/,Verified,2015.0,indian_startup_graveyard_complete.csv,,,,,,,,,,
Spinny,2025.0,475000000.0,Used Cars Marketplace,"Layoffs, market slowdown, profitability pressure",Gurugram,"Tiger Global, General Catalyst, Accel",https://inc42.com/buzz/spinny-layoffs-2025/,Verified,2015.0,indian_startup_graveyard_complete.csv,,,,,,,,,,
Dunzo,2024.0,450000000.0,Quick Commerce / Delivery,"Cash crunch, failed Reliance acquisition talks, massive layoffs",Bangalore,"Reliance Retail, Google, Lightbox",https://inc42.com/buzz/dunzo-lays-off-75-workforce-amid-cash-crunch/,Verified,2015.0,indian_startup_graveyard_complete.csv,,,,,,,,,,
MPL (Mobile Premier League),2025.0,450000000.0,Gaming / E-sports,"GST issues, layoffs, regulatory challenges",Bangalore,"Sequoia, SIG, Go-Ventures",https://inc42.com/buzz/mpl-layoffs-2025/,Verified,2018.0,indian_startup_graveyard_complete.csv,,,,,,,,,,
Innovaccer (Layoffs),2024.0,425000000.0,HealthTech SaaS,"Major layoffs, market challenges",San Francisco/Noida,"Tiger Global, Steadview Capital",https://yourstory.com/2024/innovaccer-layoffs,Verified,2014.0,indian_startup_graveyard_complete.csv,,,,,,,,,,
Groww,2026.0,400000000.0,FinTech / Investment,"Regulatory pressures, growth challenges",Bangalore,"Tiger Global, Sequoia, Ribbit Capital",https://entrackr.com/2026/groww-challenges/,Verified,2016.0,indian_startup_graveyard_complete.csv,,,,,,,,,,
NoBroker,2026.0,361000000.0,PropTech / Real Estate,"Layoffs, market slowdown, profitability issues",Bangalore,"General Atlantic, Tiger Global, BEENEXT",https://entrackr.com/2026/nobroker-layoffs/,Verified,2014.0,indian_startup_graveyard_complete.csv,,,,,,,,,,
Rapido,2026.0,330000000.0,Ride-hailing / Bike Taxi,"Regulatory issues, profitability struggles",Bangalore,"Swiggy, TVS, Nexus",https://entrackr.com/2026/rapido-crisis/,Verified,2015.0,indian_startup_graveyard_complete.csv,,,,,,,,,,
Zilingo,2024.0,300000000.0,Fashion E-commerce,"Accounting fraud, CEO fired, company liquidated",Singapore/India,"Sequoia, Temasek, SoftBank",https://www.forbes.com/sites/zilingo-shutdown/,Verified,2015.0,indian_startup_graveyard_complete.csv,,,,,,,,,,
AskMe,2016.0,300000000.0,Local Search / E-commerce,"Investor Astro Holdings pulled out, massive shutdown",Delhi NCR,"Astro Holdings, Helion Ventures",https://economictimes.indiatimes.com/small-biz/startups/10-startups-that-shut-down-in-2016/articleshow/56022024.cms,Verified,2010.0,indian_startup_graveyard_complete.csv,,,,,,,,,,
PhysicsWallah (Alakh Pandey Crisis),2025.0,300000000.0,EdTech,"Centers shutting down, layoffs, profitability issues",Noida,"WestBridge Capital, GSV Ventures",https://inc42.com/buzz/physicswallah-centers-shut/,Verified,2014.0,indian_startup_graveyard_complete.csv,,,,,,,,,,
Mensa Brands (Crisis),2024.0,300000000.0,D2C Rollup,"Brand shutdowns, layoffs, failed acquisitions",Bangalore,"Accel, Falcon Edge, Norwest",https://entrackr.com/2024/mensa-brands-shutdowns/,Verified,2021.0,indian_startup_graveyard_complete.csv,,,,,,,,,,
WhiteHat Jr (Crisis),2022.0,300000000.0,EdTech,"Byju's acquisition led to layoffs, brand struggling",Mumbai,"Byju's, Nexus, Omidyar",News reports,Verified,2018.0,indian_startup_graveyard_complete.csv,,,,,,,,,,
Vedantu,2025.0,290000000.0,EdTech,"Multiple layoff rounds, acqui-hire discussions",Bangalore,"GGV Capital, Tiger Global, Coatue",https://entrackr.com/2025/vedantu-crisis/,Verified,2014.0,indian_startup_graveyard_complete.csv,,,,,,,,,,
Vedantu (Layoffs),2022.0,290000000.0,EdTech,"Mass layoffs, funding crunch, pivot attempts",Bangalore,"GGV, Tiger Global, Coatue",News reports,Verified,2014.0,indian_startup_graveyard_complete.csv,,,,,,,,,,
Purplle,2025.0,250000000.0,Beauty E-commerce,"Layoffs, profitability pressure, competition from Nykaa",Mumbai,"Premji Invest, Sequoia, Goldman Sachs",https://inc42.com/buzz/purplle-layoffs/,Verified,2012.0,indian_startup_graveyard_complete.csv,,,,,,,,,,
Jabong,2018.0,220000000.0,Fashion E-commerce,Brand discontinued after Flipkart acquisition of Myntra,Gurugram,"Rocket Internet, CDC Group",News reports,Verified,2012.0,indian_startup_graveyard_complete.csv,,,,,,,,,,
Pocket FM,2025.0,200000000.0,Audio Entertainment,"Layoffs, unit economics challenges",Bangalore,"Lightspeed, Times Internet, Tanglin VP",https://inc42.com/buzz/pocket-fm-layoffs/,Verified,2018.0,indian_startup_graveyard_complete.csv,,,,,,,,,,
Taxiforsure,2017.0,200000000.0,Ride-hailing,"Acquired by Ola for $200M, brand discontinued",Bangalore,"Accel, Bessemer, Helion",News reports,Verified,2011.0,indian_startup_graveyard_complete.csv,,,,,,,,,,
BluSmart,2024.0,200000000.0,Electric Mobility / Ride-hailing,"Financial irregularities, founder fraud allegations, operations suspended",Delhi NCR,"BP Ventures, Responsiblity, Green Frontier Capital",https://inc42.com/buzz/blusmart-crisis-founders-financial-fraud/,Verified,2019.0,indian_startup_graveyard_complete.csv,,,,,,,,,,
Uber Eats India,2020.0,200000000.0,Food Delivery,"Sold to Zomato, exited India food delivery market",Bangalore,Uber,News reports,Verified,2017.0,indian_startup_graveyard_complete.csv,,,,,,,,,,
LEAD School,2024.0,160000000.0,EdTech,"Mass layoffs, business model struggles, funding winter",Mumbai,"WestBridge Capital, Elevar Equity, GSV Ventures",https://inc42.com/buzz/lead-school-layoffs/,Verified,2012.0,indian_startup_graveyard_complete.csv,,,,,,,,,,
Droom (IPO Failed),2019.0,125000000.0,Auto E-commerce,"IPO shelved multiple times, heavy losses",Gurugram,"Lightbox, Beenext, Toyota",News reports,Verified,2014.0,indian_startup_graveyard_complete.csv,,,,,,,,,,
Housing.com (Crisis),2015.0,120000000.0,PropTech / Real Estate,"CEO Rahul Yadav fired, company later sold to Proptech group",Mumbai,"SoftBank, Falcon Edge, Helion",News reports,Verified,2012.0,indian_startup_graveyard_complete.csv,,,,,,,,,,
Foodpanda India,2020.0,100000000.0,Food Delivery,"Ola sold Foodpanda, couldn't compete with Swiggy/Zomato",Gurugram,"Rocket Internet, Ola",News reports,Verified,2012.0,indian_startup_graveyard_complete.csv,,,,,,,,,,
Trell,2024.0,62000000.0,Social Commerce / Short Video,"Shut down app, failed pivot, couldn't compete with Instagram/YouTube",Bangalore,"Sequoia, Mirae Asset, H&M Group",https://inc42.com/buzz/trell-shuts-down-social-commerce/,Verified,2017.0,indian_startup_graveyard_complete.csv,,,,,,,,,,
PepperTap,2016.0,51000000.0,Grocery Delivery,"Hyperlocal grocery model unsustainable, shut down operations",Gurugram,"Sequoia Capital, SAIF Partners, Snapdeal",https://economictimes.indiatimes.com/small-biz/startups/10-startups-that-shut-down-in-2016/articleshow/56022024.cms,Verified,2014.0,indian_startup_graveyard_complete.csv,,,,,,,,,,
Yepme,2018.0,50000000.0,Fashion E-commerce,"Failed to compete, shifted to B2B model",Gurugram,"Helion, Nexus VP",News reports,Verified,2011.0,indian_startup_graveyard_complete.csv,,,,,,,,,,
Stayzilla,2017.0,34000000.0,Travel / Homestays,"Shut down amid legal troubles, founder arrested",Chennai,"Matrix Partners, Nexus VP",News reports,Verified,2005.0,indian_startup_graveyard_complete.csv,,,,,,,,,,
FrontRow,2023.0,30000000.0,EdTech,Celebrity learning platform shut down,Bangalore,"GSV, Lightspeed, Eight Roads",News reports,Verified,2020.0,indian_startup_graveyard_complete.csv,,,,,,,,,,
Staples India,2019.0,30000000.0,Office Supplies E-commerce,Shut Indian operations after years of losses,Delhi NCR,Staples Inc,News reports,Verified,2011.0,indian_startup_graveyard_complete.csv,,,,,,,,,,
TinyOwl,2016.0,27000000.0,Food Delivery,"Acquired by Runnr after massive layoffs, effectively shut",Mumbai,"Sequoia Capital, Matrix Partners, Nexus VP",https://economictimes.indiatimes.com/small-biz/startups/10-startups-that-shut-down-in-2016/articleshow/56022024.cms,Verified,2014.0,indian_startup_graveyard_complete.csv,,,,,,,,,,
Mojocare,2024.0,20000000.0,HealthTech / Men's Health,"Shut down operations, failed to raise follow-on funding",Bangalore,"Chiratae Ventures, B Capital",https://inc42.com/buzz/mojocare-shuts-down/,Verified,2020.0,indian_startup_graveyard_complete.csv,,,,,,,,,,
Flipkart Ping,2016.0,20000000.0,Social Messaging,Flipkart's social chat feature discontinued,Bangalore,Flipkart (Internal),https://economictimes.indiatimes.com/small-biz/startups/10-startups-that-shut-down-in-2016/articleshow/56022024.cms,Verified,2015.0,indian_startup_graveyard_complete.csv,,,,,,,,,,
Lido Learning,2023.0,20000000.0,EdTech,Shut operations amid EdTech crash,Mumbai,"Ronnie Screwvala, BAce Capital",News reports,Verified,2019.0,indian_startup_graveyard_complete.csv,,,,,,,,,,
LocalBanya,2016.0,10000000.0,Grocery Delivery,"Ran out of funds, couldn't compete in hyperlocal space",Mumbai,Kalaari Capital,https://economictimes.indiatimes.com/small-biz/startups/10-startups-that-shut-down-in-2016/articleshow/56022024.cms,Verified,2012.0,indian_startup_graveyard_complete.csv,,,,,,,,,,
Fashionara,2016.0,9000000.0,Fashion E-commerce,"Failed to compete with Myntra, Jabong; shut down",Bangalore,"Helion Ventures, Accel Partners",https://economictimes.indiatimes.com/small-biz/startups/10-startups-that-shut-down-in-2016/articleshow/56022024.cms,Verified,2012.0,indian_startup_graveyard_complete.csv,,,,,,,,,,
Dazo,2016.0,5000000.0,Food Delivery,Food delivery startup shut down amid intense competition,Bangalore,"Matrix Partners, Flipkart co-founders",https://economictimes.indiatimes.com/small-biz/startups/10-startups-that-shut-down-in-2016/articleshow/56022024.cms,Verified,2015.0,indian_startup_graveyard_complete.csv,,,,,,,,,,
Frankly.me,2016.0,5000000.0,Social Media / Celeb Platform,Celebrity video Q&A platform failed to monetize,Gurugram,"Nexus VP, Qualcomm Ventures",https://economictimes.indiatimes.com/small-biz/startups/10-startups-that-shut-down-in-2016/articleshow/56022024.cms,Verified,2014.0,indian_startup_graveyard_complete.csv,,,,,,,,,,
Spoonjoy,2016.0,3000000.0,Food Delivery,"Food tech startup couldn't scale, shut operations",Mumbai,"SAIF Partners, Grofers founders",https://economictimes.indiatimes.com/small-biz/startups/10-startups-that-shut-down-in-2016/articleshow/56022024.cms,Verified,2014.0,indian_startup_graveyard_complete.csv,,,,,,,,,,
Autowale,2016.0,2000000.0,Auto Booking,Auto-rickshaw booking app shut due to unit economics,Pune,Angel investors,https://economictimes.indiatimes.com/small-biz/startups/10-startups-that-shut-down-in-2016/articleshow/56022024.cms,Verified,2012.0,indian_startup_graveyard_complete.csv,,,,,,,,,,
Craftsvilla,2024.0,0.0,Unknown,Major decline,India,,,Known,,indian_startup_graveyard_complete.csv,,,,,,,,,,
BYJU'S (crisis),2024.0,0.0,Unknown,"Massive layoffs, valuation crash",India,,,Known,,indian_startup_graveyard_complete.csv,,,,,,,,,,
Unacademy (layoffs),2024.0,0.0,Unknown,Multiple rounds of layoffs,India,,,Known,,indian_startup_graveyard_complete.csv,,,,,,,,,,
SuperLearn,2024.0,0.0,Unknown,Shut down,India,,,Known,,indian_startup_graveyard_complete.csv,,,,,,,,,,
Udayy,2024.0,0.0,Unknown,Shut down,India,,,Known,,indian_startup_graveyard_complete.csv,,,,,,,,,,
Crejo.Fun,2024.0,0.0,Unknown,Shut down,India,,,Known,,indian_startup_graveyard_complete.csv,,,,,,,,,,
Roposo,2024.0,0.0,Unknown,Sold to Glance,India,,,Known,,indian_startup_graveyard_complete.csv,,,,,,,,,,
ShareChat (layoffs),2024.0,0.0,Unknown,Major layoffs,India,,,Known,,indian_startup_graveyard_complete.csv,,,,,,,,,,
Moj (owned by ShareChat),2024.0,0.0,Unknown,Layoffs with parent,India,,,Known,,indian_startup_graveyard_complete.csv,,,,,,,,,,
Chingari,2024.0,0.0,Unknown,Decline,India,,,Known,,indian_startup_graveyard_complete.csv,,,,,,,,,,
Koo,2024.0,0.0,Unknown,Shut down,India,,,Known,,indian_startup_graveyard_complete.csv,,,,,,,,,,
PharmEasy (crisis),2024.0,0.0,Unknown,"Major layoffs, valuation crash",India,,,Known,,indian_startup_graveyard_complete.csv,,,,,,,,,,
YourStory (layoffs),2024.0,0.0,Unknown,Layoffs,India,,,Known,,indian_startup_graveyard_complete.csv,,,,,,,,,,
Meesho (layoffs),2024.0,0.0,Unknown,"Layoffs, restructuring",India,,,Known,,indian_startup_graveyard_complete.csv,,,,,,,,,,
MPL,2024.0,0.0,Unknown,Major layoffs,India,,,Known,,indian_startup_graveyard_complete.csv,,,,,,,,,,
Curefit (layoffs),2024.0,0.0,Unknown,"Layoffs, restructuring",India,,,Known,,indian_startup_graveyard_complete.csv,,,,,,,,,,
UrbanClap/Urban Company (layoffs),2024.0,0.0,Unknown,Layoffs,India,,,Known,,indian_startup_graveyard_complete.csv,,,,,,,,,,
Nestaway (decline),2024.0,0.0,Unknown,"Major layoffs, scaling down",India,,,Known,,indian_startup_graveyard_complete.csv,,,,,,,,,,
GoMechanic,2024.0,0.0,Unknown,"Fraud allegations, crisis",India,,,Known,,indian_startup_graveyard_complete.csv,,,,,,,,,,
BharatPe,2024.0,0.0,Unknown,"Founder controversy, layoffs",India,,,Known,,indian_startup_graveyard_complete.csv,,,,,,,,,,
Pepperfry (layoffs),2024.0,0.0,Unknown,Layoffs,India,,,Known,,indian_startup_graveyard_complete.csv,,,,,,,,,,
Furlenco (layoffs),2024.0,0.0,Unknown,Layoffs,India,,,Known,,indian_startup_graveyard_complete.csv,,,,,,,,,,
Mobile Premier League,2024.0,0.0,Unknown,Layoffs,India,,,Known,,indian_startup_graveyard_complete.csv,,,,,,,,,,
Oyo Rooms (crisis),2024.0,0.0,Unknown,"Massive layoffs, valuation crash",India,,,Known,,indian_startup_graveyard_complete.csv,,,,,,,,,,
Dhani,2024.0,0.0,Unknown,"Major layoffs, pivot",India,,,Known,,indian_startup_graveyard_complete.csv,,,,,,,,,,
Grabhouse,2024.0,0.0,Unknown,Merged with Quikr,India,,,Known,,indian_startup_graveyard_complete.csv,,,,,,,,,,
JustRide,2024.0,0.0,Unknown,Lost to Ola/Uber,India,,,Known,,indian_startup_graveyard_complete.csv,,,,,,,,,,
Snapdeal (partial),2024.0,0.0,Unknown,"Lost to Flipkart/Amazon, massive layoffs",India,,,Known,,indian_startup_graveyard_complete.csv,,,,,,,,,,
Yebhi,2024.0,0.0,Unknown,"Market competition, funding issues",India,,,Known,,indian_startup_graveyard_complete.csv,,,,,,,,,,
Doodhwala,2024.0,0.0,Unknown,Operational challenges,India,,,Known,,indian_startup_graveyard_complete.csv,,,,,,,,,,
ShopClues (decline),2024.0,0.0,Unknown,Sold at massive loss to Qoo10,India,,,Known,,indian_startup_graveyard_complete.csv,,,,,,,,,,
Quikr Assured,2024.0,0.0,Unknown,Service discontinued,India,,,Known,,indian_startup_graveyard_complete.csv,,,,,,,,,,
Tolexo,2024.0,0.0,Unknown,IndiaMART shut it down,India,,,Known,,indian_startup_graveyard_complete.csv,,,,,,,,,,
Eatlo,2024.0,0.0,Unknown,Competition from Swiggy/Zomato,India,,,Known,,indian_startup_graveyard_complete.csv,,,,,,,,,,
Zomato Instant,2024.0,0.0,Unknown,10-min delivery discontinued,India,,,Known,,indian_startup_graveyard_complete.csv,,,,,,,,,,
Grofers (pivoted),2024.0,0.0,Unknown,"Rebranded to Blinkit, sold to Zomato",India,,,Known,,indian_startup_graveyard_complete.csv,,,,,,,,,,
Runnr,2024.0,0.0,Unknown,Merged into Zomato,India,,,Known,,indian_startup_graveyard_complete.csv,,,,,,,,,,
Meru Cabs,2024.0,0.0,Unknown,"Massive decline, sold assets",India,,,Known,,indian_startup_graveyard_complete.csv,,,,,,,,,,
Commonfloor,2024.0,0.0,Unknown,Merged with Quikr,India,,,Known,,indian_startup_graveyard_complete.csv,,,,,,,,,,
Jugnoo,2024.0,0.0,Unknown,Failed to sustain,India,,,Known,,indian_startup_graveyard_complete.csv,,,,,,,,,,
Zipgo,2024.0,0.0,Unknown,Shut operations,India,,,Known,,indian_startup_graveyard_complete.csv,,,,,,,,,,
Ridlr,2024.0,0.0,Unknown,Ola sold/shut it,India,,,Known,,indian_startup_graveyard_complete.csv,,,,,,,,,,
Housejoy,2024.0,0.0,Unknown,Major pivot/decline,India,,,Known,,indian_startup_graveyard_complete.csv,,,,,,,,,,
ZipDial,2024.0,0.0,Unknown,Twitter shut it down,India,,,Known,,indian_startup_graveyard_complete.csv,,,,,,,,,,
Hike Messenger,2024.0,0.0,Unknown,Couldn't compete with WhatsApp,India,,,Known,,indian_startup_graveyard_complete.csv,,,,,,,,,,
Portea Medical,2024.0,0.0,Unknown,"Massive layoffs, scaled down",India,,,Known,,indian_startup_graveyard_complete.csv,,,,,,,,,,
HealthKart (B2C),2024.0,0.0,Unknown,Pivoted to B2B (MuscleBlaze),India,,,Known,,indian_startup_graveyard_complete.csv,,,,,,,,,,
Lybrate,2024.0,0.0,Unknown,Significant decline,India,,,Known,,indian_startup_graveyard_complete.csv,,,,,,,,,,
Housing.com (original),2024.0,0.0,Unknown,"Founder fired, merged with PropTiger",India,,,Known,,indian_startup_graveyard_complete.csv,,,,,,,,,,
Slice,2024.0,0.0,Unknown,"RBI restrictions, layoffs",India,,,Known,,indian_startup_graveyard_complete.csv,,,,,,,,,,
Dunzo,2024.0,450000000.0,Quick Commerce / Delivery,"Cash crunch, failed Reliance acquisition talks, massive layoffs",Bangalore,"Reliance Retail, Google, Lightbox",https://inc42.com/buzz/dunzo-lays-off-75-workforce-amid-cash-crunch/,,2015.0,indian_startup_graveyard_verified_2024_2026.csv,,,,,,,,,,
Byju's,2024.0,5500000000.0,EdTech,"Debt crisis, multiple lawsuits, insolvency proceedings, governance issues",Bangalore,"Prosus, Tiger Global, General Atlantic, Sequoia",https://economictimes.indiatimes.com/tech/startups/byjus-crisis,,2011.0,indian_startup_graveyard_verified_2024_2026.csv,,,,,,,,,,
BluSmart,2024.0,200000000.0,Electric Mobility / Ride-hailing,"Financial irregularities, founder fraud allegations, operations suspended",Delhi NCR,"BP Ventures, Responsiblity, Green Frontier Capital",https://inc42.com/buzz/blusmart-crisis-founders-financial-fraud/,,2019.0,indian_startup_graveyard_verified_2024_2026.csv,,,,,,,,,,
Udaan,2024.0,1850000000.0,B2B E-commerce,"Massive losses, down rounds, layoffs, pivot struggles",Bangalore,"DST Global, Lightspeed, GGV Capital",https://entrackr.com/2024/udaan-struggles-layoffs/,,2016.0,indian_startup_graveyard_verified_2024_2026.csv,,,,,,,,,,
Ola Electric (Crisis),2024.0,800000000.0,Electric Vehicles,"Service issues, regulatory problems, stock crash post-IPO",Bangalore,"SoftBank, Tiger Global",https://www.livemint.com/companies/ola-electric-troubles/,,2017.0,indian_startup_graveyard_verified_2024_2026.csv,,,,,,,,,,
Mojocare,2024.0,20000000.0,HealthTech / Men's Health,"Shut down operations, failed to raise follow-on funding",Bangalore,"Chiratae Ventures, B Capital",https://inc42.com/buzz/mojocare-shuts-down/,,2020.0,indian_startup_graveyard_verified_2024_2026.csv,,,,,,,,,,
Trell,2024.0,62000000.0,Social Commerce / Short Video,"Shut down app, failed pivot, couldn't compete with Instagram/YouTube",Bangalore,"Sequoia, Mirae Asset, H&M Group",https://inc42.com/buzz/trell-shuts-down-social-commerce/,,2017.0,indian_startup_graveyard_verified_2024_2026.csv,,,,,,,,,,
Zilingo,2024.0,300000000.0,Fashion E-commerce,"Accounting fraud, CEO fired, company liquidated",Singapore/India,"Sequoia, Temasek, SoftBank",https://www.forbes.com/sites/zilingo-shutdown/,,2015.0,indian_startup_graveyard_verified_2024_2026.csv,,,,,,,,,,
LEAD School,2024.0,160000000.0,EdTech,"Mass layoffs, business model struggles, funding winter",Mumbai,"WestBridge Capital, Elevar Equity, GSV Ventures",https://inc42.com/buzz/lead-school-layoffs/,,2012.0,indian_startup_graveyard_verified_2024_2026.csv,,,,,,,,,,
Good Glamm Group (Crisis),2024.0,500000000.0,D2C Beauty / E-commerce,"Heavy debt, founder exit, brand shutdowns, layoffs",Mumbai,"Warburg Pincus, Prosus, L'Oreal",https://entrackr.com/2024/good-glamm-crisis/,,2015.0,indian_startup_graveyard_verified_2024_2026.csv,,,,,,,,,,
Licious (Layoffs),2024.0,490000000.0,D2C Meat Delivery,"Multiple layoff rounds, profitability struggles",Bangalore,"Temasek, Multiples PE, 3one4 Capital",https://inc42.com/buzz/licious-layoffs-2024/,,2015.0,indian_startup_graveyard_verified_2024_2026.csv,,,,,,,,,,
ShareChat (Major Crisis),2024.0,1100000000.0,Social Media,"500+ layoffs, shut down fantasy gaming, valuation crash",Bangalore,"Google, Tiger Global, Snap Inc.",https://techcrunch.com/2024/sharechat-layoffs/,,2015.0,indian_startup_graveyard_verified_2024_2026.csv,,,,,,,,,,
Mensa Brands (Crisis),2024.0,300000000.0,D2C Rollup,"Brand shutdowns, layoffs, failed acquisitions",Bangalore,"Accel, Falcon Edge, Norwest",https://entrackr.com/2024/mensa-brands-shutdowns/,,2021.0,indian_startup_graveyard_verified_2024_2026.csv,,,,,,,,,,
Innovaccer (Layoffs),2024.0,425000000.0,HealthTech SaaS,"Major layoffs, market challenges",San Francisco/Noida,"Tiger Global, Steadview Capital",https://yourstory.com/2024/innovaccer-layoffs,,2014.0,indian_startup_graveyard_verified_2024_2026.csv,,,,,,,,,,
BharatPe (Founder Exit),2024.0,650000000.0,FinTech,"Founder ousted for fraud, governance crisis, lawsuits",Delhi NCR,"Sequoia, Coatue, Tiger Global",https://inc42.com/buzz/bharatpe-ashneer-grover-crisis/,,2018.0,indian_startup_graveyard_verified_2024_2026.csv,,,,,,,,,,
PhysicsWallah (Alakh Pandey Crisis),2025.0,300000000.0,EdTech,"Centers shutting down, layoffs, profitability issues",Noida,"WestBridge Capital, GSV Ventures",https://inc42.com/buzz/physicswallah-centers-shut/,,2014.0,indian_startup_graveyard_verified_2024_2026.csv,,,,,,,,,,
Unacademy,2025.0,880000000.0,EdTech,"Continuous layoffs, shut down group companies, pivot struggles",Bangalore,"SoftBank, General Atlantic, Tiger Global",https://entrackr.com/2025/unacademy-shutdown/,,2015.0,indian_startup_graveyard_verified_2024_2026.csv,,,,,,,,,,
MPL (Mobile Premier League),2025.0,450000000.0,Gaming / E-sports,"GST issues, layoffs, regulatory challenges",Bangalore,"Sequoia, SIG, Go-Ventures",https://inc42.com/buzz/mpl-layoffs-2025/,,2018.0,indian_startup_graveyard_verified_2024_2026.csv,,,,,,,,,,
Vedantu,2025.0,290000000.0,EdTech,"Multiple layoff rounds, acqui-hire discussions",Bangalore,"GGV Capital, Tiger Global, Coatue",https://entrackr.com/2025/vedantu-crisis/,,2014.0,indian_startup_graveyard_verified_2024_2026.csv,,,,,,,,,,
Pocket FM,2025.0,200000000.0,Audio Entertainment,"Layoffs, unit economics challenges",Bangalore,"Lightspeed, Times Internet, Tanglin VP",https://inc42.com/buzz/pocket-fm-layoffs/,,2018.0,indian_startup_graveyard_verified_2024_2026.csv,,,,,,,,,,
Zetwerk (Layoffs),2025.0,560000000.0,B2B Manufacturing,"Layoffs, margin pressures",Bangalore,"Greenoaks, Lightspeed, Sequoia",https://entrackr.com/2025/zetwerk-layoffs/,,2018.0,indian_startup_graveyard_verified_2024_2026.csv,,,,,,,,,,
Spinny,2025.0,475000000.0,Used Cars Marketplace,"Layoffs, market slowdown, profitability pressure",Gurugram,"Tiger Global, General Catalyst, Accel",https://inc42.com/buzz/spinny-layoffs-2025/,,2015.0,indian_startup_graveyard_verified_2024_2026.csv,,,,,,,,,,
Cars24,2025.0,900000000.0,Used Cars Marketplace,"International exit, heavy layoffs, valuation drop",Gurugram,"DST Global, SoftBank, Yuri Milner",https://yourstory.com/2025/cars24-crisis,,2015.0,indian_startup_graveyard_verified_2024_2026.csv,,,,,,,,,,
Pharmeasy,2025.0,1200000000.0,HealthTech / Pharmacy,"IPO shelved, valuation crashed from $5.6B to $700M, layoffs",Mumbai,"Temasek, Prosus, TPG",https://inc42.com/buzz/pharmeasy-valuation-crash/,,2015.0,indian_startup_graveyard_verified_2024_2026.csv,,,,,,,,,,
Curefit (Cult.fit),2025.0,550000000.0,Fitness / HealthTech,"Layoffs, shut down food vertical, gym closures",Bangalore,"Zomato, Tata Digital, Accel",https://entrackr.com/2025/curefit-cult-layoffs/,,2016.0,indian_startup_graveyard_verified_2024_2026.csv,,,,,,,,,,
Purplle,2025.0,250000000.0,Beauty E-commerce,"Layoffs, profitability pressure, competition from Nykaa",Mumbai,"Premji Invest, Sequoia, Goldman Sachs",https://inc42.com/buzz/purplle-layoffs/,,2012.0,indian_startup_graveyard_verified_2024_2026.csv,,,,,,,,,,
OfBusiness,2025.0,500000000.0,B2B Commerce / Lending,"Layoffs, growth slowdown",Gurugram,"SoftBank, Falcon Edge, Matrix Partners",https://entrackr.com/2025/ofbusiness-layoffs/,,2016.0,indian_startup_graveyard_verified_2024_2026.csv,,,,,,,,,,
Meesho (Mass Layoffs),2026.0,1100000000.0,Social Commerce,"Large-scale layoffs, profitability pressure",Bangalore,"SoftBank, Prosus, Facebook",https://inc42.com/buzz/meesho-layoffs-2026/,,2015.0,indian_startup_graveyard_verified_2024_2026.csv,,,,,,,,,,
Groww,2026.0,400000000.0,FinTech / Investment,"Regulatory pressures, growth challenges",Bangalore,"Tiger Global, Sequoia, Ribbit Capital",https://entrackr.com/2026/groww-challenges/,,2016.0,indian_startup_graveyard_verified_2024_2026.csv,,,,,,,,,,
Zepto,2026.0,1300000000.0,Quick Commerce,"Cash burn concerns, competition from Blinkit/Instamart",Mumbai,"Y Combinator, Nexus, Glade Brook",https://inc42.com/buzz/zepto-2026-challenges/,,2021.0,indian_startup_graveyard_verified_2024_2026.csv,,,,,,,,,,
Rapido,2026.0,330000000.0,Ride-hailing / Bike Taxi,"Regulatory issues, profitability struggles",Bangalore,"Swiggy, TVS, Nexus",https://entrackr.com/2026/rapido-crisis/,,2015.0,indian_startup_graveyard_verified_2024_2026.csv,,,,,,,,,,
Urban Company,2026.0,500000000.0,Home Services,"IPO struggles, partner unrest, layoffs",Gurugram,"Prosus, Tiger Global, Vy Capital",https://inc42.com/buzz/urban-company-2026/,,2014.0,indian_startup_graveyard_verified_2024_2026.csv,,,,,,,,,,
NoBroker,2026.0,361000000.0,PropTech / Real Estate,"Layoffs, market slowdown, profitability issues",Bangalore,"General Atlantic, Tiger Global, BEENEXT",https://entrackr.com/2026/nobroker-layoffs/,,2014.0,indian_startup_graveyard_verified_2024_2026.csv,,,,,,,,,,
Grofers (Rebranded),2021.0,500000000.0,Grocery Delivery,Massive pivot to Blinkit after years of losses,Gurugram,"SoftBank, Tiger Global, Sequoia",News reports,,2013.0,indian_startup_failures_historical.csv,,,,,,,,,,
WhiteHat Jr (Crisis),2022.0,300000000.0,EdTech,"Byju's acquisition led to layoffs, brand struggling",Mumbai,"Byju's, Nexus, Omidyar",News reports,,2018.0,indian_startup_failures_historical.csv,,,,,,,,,,
AskMe,2016.0,300000000.0,Local Search / E-commerce,"Investor Astro Holdings pulled out, massive shutdown",Delhi NCR,"Astro Holdings, Helion Ventures",https://economictimes.indiatimes.com/small-biz/startups/10-startups-that-shut-down-in-2016/articleshow/56022024.cms,,2010.0,indian_startup_failures_historical.csv,,,,,,,,,,
Vedantu (Layoffs),2022.0,290000000.0,EdTech,"Mass layoffs, funding crunch, pivot attempts",Bangalore,"GGV, Tiger Global, Coatue",News reports,,2014.0,indian_startup_failures_historical.csv,,,,,,,,,,
Jabong,2018.0,220000000.0,Fashion E-commerce,Brand discontinued after Flipkart acquisition of Myntra,Gurugram,"Rocket Internet, CDC Group",News reports,,2012.0,indian_startup_failures_historical.csv,,,,,,,,,,
Taxiforsure,2017.0,200000000.0,Ride-hailing,"Acquired by Ola for $200M, brand discontinued",Bangalore,"Accel, Bessemer, Helion",News reports,,2011.0,indian_startup_failures_historical.csv,,,,,,,,,,
Uber Eats India,2020.0,200000000.0,Food Delivery,"Sold to Zomato, exited India food delivery market",Bangalore,Uber,News reports,,2017.0,indian_startup_failures_historical.csv,,,,,,,,,,
Droom (IPO Failed),2019.0,125000000.0,Auto E-commerce,"IPO shelved multiple times, heavy losses",Gurugram,"Lightbox, Beenext, Toyota",News reports,,2014.0,indian_startup_failures_historical.csv,,,,,,,,,,
Housing.com (Crisis),2015.0,120000000.0,PropTech / Real Estate,"CEO Rahul Yadav fired, company later sold to Proptech group",Mumbai,"SoftBank, Falcon Edge, Helion",News reports,,2012.0,indian_startup_failures_historical.csv,,,,,,,,,,
Foodpanda India,2020.0,100000000.0,Food Delivery,"Ola sold Foodpanda, couldn't compete with Swiggy/Zomato",Gurugram,"Rocket Internet, Ola",News reports,,2012.0,indian_startup_failures_historical.csv,,,,,,,,,,
PepperTap,2016.0,51000000.0,Grocery Delivery,"Hyperlocal grocery model unsustainable, shut down operations",Gurugram,"Sequoia Capital, SAIF Partners, Snapdeal",https://economictimes.indiatimes.com/small-biz/startups/10-startups-that-shut-down-in-2016/articleshow/56022024.cms,,2014.0,indian_startup_failures_historical.csv,,,,,,,,,,
Yepme,2018.0,50000000.0,Fashion E-commerce,"Failed to compete, shifted to B2B model",Gurugram,"Helion, Nexus VP",News reports,,2011.0,indian_startup_failures_historical.csv,,,,,,,,,,
Stayzilla,2017.0,34000000.0,Travel / Homestays,"Shut down amid legal troubles, founder arrested",Chennai,"Matrix Partners, Nexus VP",News reports,,2005.0,indian_startup_failures_historical.csv,,,,,,,,,,
Staples India,2019.0,30000000.0,Office Supplies E-commerce,Shut Indian operations after years of losses,Delhi NCR,Staples Inc,News reports,,2011.0,indian_startup_failures_historical.csv,,,,,,,,,,
FrontRow,2023.0,30000000.0,EdTech,Celebrity learning platform shut down,Bangalore,"GSV, Lightspeed, Eight Roads",News reports,,2020.0,indian_startup_failures_historical.csv,,,,,,,,,,
TinyOwl,2016.0,27000000.0,Food Delivery,"Acquired by Runnr after massive layoffs, effectively shut",Mumbai,"Sequoia Capital, Matrix Partners, Nexus VP",https://economictimes.indiatimes.com/small-biz/startups/10-startups-that-shut-down-in-2016/articleshow/56022024.cms,,2014.0,indian_startup_failures_historical.csv,,,,,,,,,,
Flipkart Ping,2016.0,20000000.0,Social Messaging,Flipkart's social chat feature discontinued,Bangalore,Flipkart (Internal),https://economictimes.indiatimes.com/small-biz/startups/10-startups-that-shut-down-in-2016/articleshow/56022024.cms,,2015.0,indian_startup_failures_historical.csv,,,,,,,,,,
Lido Learning,2023.0,20000000.0,EdTech,Shut operations amid EdTech crash,Mumbai,"Ronnie Screwvala, BAce Capital",News reports,,2019.0,indian_startup_failures_historical.csv,,,,,,,,,,
LocalBanya,2016.0,10000000.0,Grocery Delivery,"Ran out of funds, couldn't compete in hyperlocal space",Mumbai,Kalaari Capital,https://economictimes.indiatimes.com/small-biz/startups/10-startups-that-shut-down-in-2016/articleshow/56022024.cms,,2012.0,indian_startup_failures_historical.csv,,,,,,,,,,
Fashionara,2016.0,9000000.0,Fashion E-commerce,"Failed to compete with Myntra, Jabong; shut down",Bangalore,"Helion Ventures, Accel Partners",https://economictimes.indiatimes.com/small-biz/startups/10-startups-that-shut-down-in-2016/articleshow/56022024.cms,,2012.0,indian_startup_failures_historical.csv,,,,,,,,,,
Frankly.me,2016.0,5000000.0,Social Media / Celeb Platform,Celebrity video Q&A platform failed to monetize,Gurugram,"Nexus VP, Qualcomm Ventures",https://economictimes.indiatimes.com/small-biz/startups/10-startups-that-shut-down-in-2016/articleshow/56022024.cms,,2014.0,indian_startup_failures_historical.csv,,,,,,,,,,
Dazo,2016.0,5000000.0,Food Delivery,Food delivery startup shut down amid intense competition,Bangalore,"Matrix Partners, Flipkart co-founders",https://economictimes.indiatimes.com/small-biz/startups/10-startups-that-shut-down-in-2016/articleshow/56022024.cms,,2015.0,indian_startup_failures_historical.csv,,,,,,,,,,
Spoonjoy,2016.0,3000000.0,Food Delivery,"Food tech startup couldn't scale, shut operations",Mumbai,"SAIF Partners, Grofers founders",https://economictimes.indiatimes.com/small-biz/startups/10-startups-that-shut-down-in-2016/articleshow/56022024.cms,,2014.0,indian_startup_failures_historical.csv,,,,,,,,,,
Autowale,2016.0,2000000.0,Auto Booking,Auto-rickshaw booking app shut due to unit economics,Pune,Angel investors,https://economictimes.indiatimes.com/small-biz/startups/10-startups-that-shut-down-in-2016/articleshow/56022024.cms,,2012.0,indian_startup_failures_historical.csv,,,,,,,,,,
Snapdeal (partial),,,E-Commerce,"Lost to Flipkart/Amazon, massive layoffs",,,Known Failures Database,,,indian_failed_startups_known.csv,2017.0,$1.65B,curated,"Snapdeal (partial) - Lost to Flipkart/Amazon, massive layoffs",,,,,,
AskMe,,,E-Commerce,"Funding dried up, investor disputes",,,Known Failures Database,,,indian_failed_startups_known.csv,2016.0,$300M,curated,"AskMe - Funding dried up, investor disputes",,,,,,
PepperTap,,,E-Commerce/Grocery,"Unit economics failed, shut operations",,,Known Failures Database,,,indian_failed_startups_known.csv,2016.0,$51M,curated,"PepperTap - Unit economics failed, shut operations",,,,,,
LocalBanya,,,E-Commerce/Grocery,Couldn't sustain operations,,,Known Failures Database,,,indian_failed_startups_known.csv,2015.0,$10M,curated,LocalBanya - Couldn't sustain operations,,,,,,
Yebhi,,,E-Commerce,"Market competition, funding issues",,,Known Failures Database,,,indian_failed_startups_known.csv,2016.0,$35M,curated,"Yebhi - Market competition, funding issues",,,,,,
Fashionara,,,E-Commerce/Fashion,Failed to compete,,,Known Failures Database,,,indian_failed_startups_known.csv,2016.0,$5M,curated,Fashionara - Failed to compete,,,,,,
Doodhwala,,,E-Commerce/Dairy,Operational challenges,,,Known Failures Database,,,indian_failed_startups_known.csv,2019.0,$2.2M,curated,Doodhwala - Operational challenges,,,,,,
ShopClues (decline),,,E-Commerce,Sold at massive loss to Qoo10,,,Known Failures Database,,,indian_failed_startups_known.csv,2019.0,$260M,curated,ShopClues (decline) - Sold at massive loss to Qoo10,,,,,,
Quikr Assured,,,E-Commerce,Service discontinued,,,Known Failures Database,,,indian_failed_startups_known.csv,2018.0,-,curated,Quikr Assured - Service discontinued,,,,,,
Tolexo,,,B2B E-Commerce,IndiaMART shut it down,,,Known Failures Database,,,indian_failed_startups_known.csv,2017.0,-,curated,Tolexo - IndiaMART shut it down,,,,,,
TinyOwl,,,Food Delivery,"Merged with Runnr, then failed",,,Known Failures Database,,,indian_failed_startups_known.csv,2016.0,$27M,curated,"TinyOwl - Merged with Runnr, then failed",,,,,,
Dazo,,,Food Delivery,Bangalore operations shut,,,Known Failures Database,,,indian_failed_startups_known.csv,2016.0,$5M,curated,Dazo - Bangalore operations shut,,,,,,
Spoonjoy,,,Food Delivery,Couldn't scale,,,Known Failures Database,,,indian_failed_startups_known.csv,2015.0,$1M,curated,Spoonjoy - Couldn't scale,,,,,,
Eatlo,,,Food Delivery,Competition from Swiggy/Zomato,,,Known Failures Database,,,indian_failed_startups_known.csv,2015.0,$400K,curated,Eatlo - Competition from Swiggy/Zomato,,,,,,
Zomato Instant,,,Food Delivery,10-min delivery discontinued,,,Known Failures Database,,,indian_failed_startups_known.csv,2022.0,-,curated,Zomato Instant - 10-min delivery discontinued,,,,,,
Grofers (pivoted),,,Grocery Delivery,"Rebranded to Blinkit, sold to Zomato",,,Known Failures Database,,,indian_failed_startups_known.csv,2021.0,$600M,curated,"Grofers (pivoted) - Rebranded to Blinkit, sold to Zomato",,,,,,
Runnr,,,Food Delivery,Merged into Zomato,,,Known Failures Database,,,indian_failed_startups_known.csv,2017.0,$7M,curated,Runnr - Merged into Zomato,,,,,,
JustRide,,,Ride-hailing,Lost to Ola/Uber,,,Known Failures Database,,,indian_failed_startups_known.csv,2016.0,$5M,curated,JustRide - Lost to Ola/Uber,,,,,,
Meru Cabs,,,Ride-hailing,"Massive decline, sold assets",,,Known Failures Database,,,indian_failed_startups_known.csv,2020.0,$100M,curated,"Meru Cabs - Massive decline, sold assets",,,,,,
Jugnoo,,,Auto-rickshaw,Failed to sustain,,,Known Failures Database,,,indian_failed_startups_known.csv,2020.0,$17M,curated,Jugnoo - Failed to sustain,,,,,,
Zipgo,,,Bus shuttle,Shut operations,,,Known Failures Database,,,indian_failed_startups_known.csv,2017.0,$3M,curated,Zipgo - Shut operations,,,,,,
Ridlr,,,Public transport,Ola sold/shut it,,,Known Failures Database,,,indian_failed_startups_known.csv,2021.0,$6M,curated,Ridlr - Ola sold/shut it,,,,,,
BluSmart,,,EV Mobility,Operational issues and mismanagement,,,Known Failures Database,,,indian_failed_startups_known.csv,2024.0,$200M,curated,BluSmart - Operational issues and mismanagement,,,,,,
Stayzilla,,,Travel/Stays,"Shut down, legal troubles",,,Known Failures Database,,,indian_failed_startups_known.csv,2017.0,$34M,curated,"Stayzilla - Shut down, legal troubles",,,,,,
Housejoy,,,Home Services,Major pivot/decline,,,Known Failures Database,,,indian_failed_startups_known.csv,2018.0,$24M,curated,Housejoy - Major pivot/decline,,,,,,
ZipDial,,,Mobile Marketing,Twitter shut it down,,,Known Failures Database,,,indian_failed_startups_known.csv,2016.0,$4.5M,curated,ZipDial - Twitter shut it down,,,,,,
Hike Messenger,,,Messaging/Fintech,Couldn't compete with WhatsApp,,,Known Failures Database,,,indian_failed_startups_known.csv,2021.0,$261M,curated,Hike Messenger - Couldn't compete with WhatsApp,,,,,,
Dhani,,,Fintech,"Major layoffs, pivot",,,Known Failures Database,,,indian_failed_startups_known.csv,2023.0,$500M,curated,"Dhani - Major layoffs, pivot",,,,,,
Portea Medical,,,Healthcare,"Massive layoffs, scaled down",,,Known Failures Database,,,indian_failed_startups_known.csv,2020.0,$50M,curated,"Portea Medical - Massive layoffs, scaled down",,,,,,
HealthKart (B2C),,,Healthcare,Pivoted to B2B (MuscleBlaze),,,Known Failures Database,,,indian_failed_startups_known.csv,2017.0,$25M,curated,HealthKart (B2C) - Pivoted to B2B (MuscleBlaze),,,,,,
Lybrate,,,Healthcare,Significant decline,,,Known Failures Database,,,indian_failed_startups_known.csv,2020.0,$15M,curated,Lybrate - Significant decline,,,,,,
Housing.com (original),,,Real Estate,"Founder fired, merged with PropTiger",,,Known Failures Database,,,indian_failed_startups_known.csv,2016.0,$120M,curated,"Housing.com (original) - Founder fired, merged with PropTiger",,,,,,
Commonfloor,,,Real Estate,Merged with Quikr,,,Known Failures Database,,,indian_failed_startups_known.csv,2016.0,$60M,curated,Commonfloor - Merged with Quikr,,,,,,
Grabhouse,,,Real Estate,Merged with Quikr,,,Known Failures Database,,,indian_failed_startups_known.csv,2016.0,$10M,curated,Grabhouse - Merged with Quikr,,,,,,
Nestaway (decline),,,Rental Housing,"Major layoffs, scaling down",,,Known Failures Database,,,indian_failed_startups_known.csv,2023.0,$90M,curated,"Nestaway (decline) - Major layoffs, scaling down",,,,,,
Oyo Rooms (crisis),,,Hospitality,"Massive layoffs, valuation crash",,,Known Failures Database,,,indian_failed_startups_known.csv,2020.0,$3.4B,curated,"Oyo Rooms (crisis) - Massive layoffs, valuation crash",,,,,,
BYJU'S (crisis),,,Edtech,"Massive layoffs, valuation crash",,,Known Failures Database,,,indian_failed_startups_known.csv,2023.0,$5.8B,curated,"BYJU'S (crisis) - Massive layoffs, valuation crash",,,,,,
Unacademy (layoffs),,,Edtech,Multiple rounds of layoffs,,,Known Failures Database,,,indian_failed_startups_known.csv,2022.0,$860M,curated,Unacademy (layoffs) - Multiple rounds of layoffs,,,,,,
Vedantu,,,Edtech,Major layoffs,,,Known Failures Database,,,indian_failed_startups_known.csv,2022.0,$291M,curated,Vedantu - Major layoffs,,,,,,
Lido Learning,,,Edtech,Shut down,,,Known Failures Database,,,indian_failed_startups_known.csv,2022.0,$10M,curated,Lido Learning - Shut down,,,,,,
SuperLearn,,,Edtech,Shut down,,,Known Failures Database,,,indian_failed_startups_known.csv,2022.0,$2M,curated,SuperLearn - Shut down,,,,,,
Udayy,,,Edtech,Shut down,,,Known Failures Database,,,indian_failed_startups_known.csv,2022.0,$2.5M,curated,Udayy - Shut down,,,,,,
Crejo.Fun,,,Edtech,Shut down,,,Known Failures Database,,,indian_failed_startups_known.csv,2022.0,$3M,curated,Crejo.Fun - Shut down,,,,,,
Frontrow,,,Edtech/Creator,Shut down,,,Known Failures Database,,,indian_failed_startups_known.csv,2022.0,$14M,curated,Frontrow - Shut down,,,,,,
Roposo,,,Social,Sold to Glance,,,Known Failures Database,,,indian_failed_startups_known.csv,2020.0,$40M,curated,Roposo - Sold to Glance,,,,,,
ShareChat (layoffs),,,Social,Major layoffs,,,Known Failures Database,,,indian_failed_startups_known.csv,2023.0,$915M,curated,ShareChat (layoffs) - Major layoffs,,,,,,
Moj (owned by ShareChat),,,Short Video,Layoffs with parent,,,Known Failures Database,,,indian_failed_startups_known.csv,2023.0,-,curated,Moj (owned by ShareChat) - Layoffs with parent,,,,,,
Chingari,,,Short Video,Decline,,,Known Failures Database,,,indian_failed_startups_known.csv,2023.0,$30M,curated,Chingari - Decline,,,,,,
Koo,,,Social/Microblogging,Shut down,,,Known Failures Database,,,indian_failed_startups_known.csv,2024.0,$50M,curated,Koo - Shut down,,,,,,
Craftsvilla,,,Ethnic E-Commerce,Major decline,,,Known Failures Database,,,indian_failed_startups_known.csv,2019.0,$54M,curated,Craftsvilla - Major decline,,,,,,
YourStory (layoffs),,,Media,Layoffs,,,Known Failures Database,,,indian_failed_startups_known.csv,2023.0,$8M,curated,YourStory (layoffs) - Layoffs,,,,,,
Dunzo,,,Quick Commerce,"Major crisis, layoffs",,,Known Failures Database,,,indian_failed_startups_known.csv,2023.0,$400M,curated,"Dunzo - Major crisis, layoffs",,,,,,
Meesho (layoffs),,,Social Commerce,"Layoffs, restructuring",,,Known Failures Database,,,indian_failed_startups_known.csv,2022.0,$1.1B,curated,"Meesho (layoffs) - Layoffs, restructuring",,,,,,
MPL,,,Gaming,Major layoffs,,,Known Failures Database,,,indian_failed_startups_known.csv,2023.0,$500M,curated,MPL - Major layoffs,,,,,,
Curefit (layoffs),,,Fitness,"Layoffs, restructuring",,,Known Failures Database,,,indian_failed_startups_known.csv,2022.0,$650M,curated,"Curefit (layoffs) - Layoffs, restructuring",,,,,,
UrbanClap/Urban Company (layoffs),,,Home Services,Layoffs,,,Known Failures Database,,,indian_failed_startups_known.csv,2022.0,$420M,curated,UrbanClap/Urban Company (layoffs) - Layoffs,,,,,,
PharmEasy (crisis),,,Pharma/E-Commerce,"Major layoffs, valuation crash",,,Known Failures Database,,,indian_failed_startups_known.csv,2023.0,$1B,curated,"PharmEasy (crisis) - Major layoffs, valuation crash",,,,,,
Innovaccer (layoffs),,,Healthcare Tech,Layoffs,,,Known Failures Database,,,indian_failed_startups_known.csv,2023.0,$225M,curated,Innovaccer (layoffs) - Layoffs,,,,,,
Zetwerk (layoffs),,,B2B Manufacturing,Layoffs,,,Known Failures Database,,,indian_failed_startups_known.csv,2023.0,$500M,curated,Zetwerk (layoffs) - Layoffs,,,,,,
GoMechanic,,,Auto Services,"Fraud allegations, crisis",,,Known Failures Database,,,indian_failed_startups_known.csv,2023.0,$62M,curated,"GoMechanic - Fraud allegations, crisis",,,,,,
BharatPe,,,Fintech,"Founder controversy, layoffs",,,Known Failures Database,,,indian_failed_startups_known.csv,2022.0,$640M,curated,"BharatPe - Founder controversy, layoffs",,,,,,
Zilingo,,,Fashion B2B,"Shut down, fraud allegations",,,Known Failures Database,,,indian_failed_startups_known.csv,2022.0,$300M,curated,"Zilingo - Shut down, fraud allegations",,,,,,
Pepperfry (layoffs),,,Furniture,Layoffs,,,Known Failures Database,,,indian_failed_startups_known.csv,2023.0,$235M,curated,Pepperfry (layoffs) - Layoffs,,,,,,
Furlenco (layoffs),,,Furniture Rental,Layoffs,,,Known Failures Database,,,indian_failed_startups_known.csv,2023.0,$40M,curated,Furlenco (layoffs) - Layoffs,,,,,,
Trell,,,Social Commerce,"Layoffs, restructuring",,,Known Failures Database,,,indian_failed_startups_known.csv,2023.0,$77M,curated,"Trell - Layoffs, restructuring",,,,,,
Mobile Premier League,,,Gaming,Layoffs,,,Known Failures Database,,,indian_failed_startups_known.csv,2023.0,$500M,curated,Mobile Premier League - Layoffs,,,,,,
Slice,,,Fintech,"RBI restrictions, layoffs",,,Known Failures Database,,,indian_failed_startups_known.csv,2023.0,$220M,curated,"Slice - RBI restrictions, layoffs",,,,,,
Byju's,2024.0,5500000000.0,EdTech,"Debt crisis, multiple lawsuits, insolvency proceedings, governance issues",Bangalore,"Prosus, Tiger Global, General Atlantic, Sequoia",https://economictimes.indiatimes.com/tech/startups/byjus-crisis,Verified,2011.0,indian_startup_graveyard.csv,,,,,,,,,,
Udaan,2024.0,1850000000.0,B2B E-commerce,"Massive losses, down rounds, layoffs, pivot struggles",Bangalore,"DST Global, Lightspeed, GGV Capital",https://entrackr.com/2024/udaan-struggles-layoffs/,Verified,2016.0,indian_startup_graveyard.csv,,,,,,,,,,
Zepto,2026.0,1300000000.0,Quick Commerce,"Cash burn concerns, competition from Blinkit/Instamart",Mumbai,"Y Combinator, Nexus, Glade Brook",https://inc42.com/buzz/zepto-2026-challenges/,Verified,2021.0,indian_startup_graveyard.csv,,,,,,,,,,
Pharmeasy,2025.0,1200000000.0,HealthTech / Pharmacy,"IPO shelved, valuation crashed from $5.6B to $700M, layoffs",Mumbai,"Temasek, Prosus, TPG",https://inc42.com/buzz/pharmeasy-valuation-crash/,Verified,2015.0,indian_startup_graveyard.csv,,,,,,,,,,
ShareChat (Major Crisis),2024.0,1100000000.0,Social Media,"500+ layoffs, shut down fantasy gaming, valuation crash",Bangalore,"Google, Tiger Global, Snap Inc.",https://techcrunch.com/2024/sharechat-layoffs/,Verified,2015.0,indian_startup_graveyard.csv,,,,,,,,,,
Meesho (Mass Layoffs),2026.0,1100000000.0,Social Commerce,"Large-scale layoffs, profitability pressure",Bangalore,"SoftBank, Prosus, Facebook",https://inc42.com/buzz/meesho-layoffs-2026/,Verified,2015.0,indian_startup_graveyard.csv,,,,,,,,,,
Cars24,2025.0,900000000.0,Used Cars Marketplace,"International exit, heavy layoffs, valuation drop",Gurugram,"DST Global, SoftBank, Yuri Milner",https://yourstory.com/2025/cars24-crisis,Verified,2015.0,indian_startup_graveyard.csv,,,,,,,,,,
Unacademy,2025.0,880000000.0,EdTech,"Continuous layoffs, shut down group companies, pivot struggles",Bangalore,"SoftBank, General Atlantic, Tiger Global",https://entrackr.com/2025/unacademy-shutdown/,Verified,2015.0,indian_startup_graveyard.csv,,,,,,,,,,
Ola Electric (Crisis),2024.0,800000000.0,Electric Vehicles,"Service issues, regulatory problems, stock crash post-IPO",Bangalore,"SoftBank, Tiger Global",https://www.livemint.com/companies/ola-electric-troubles/,Verified,2017.0,indian_startup_graveyard.csv,,,,,,,,,,
BharatPe (Founder Exit),2024.0,650000000.0,FinTech,"Founder ousted for fraud, governance crisis, lawsuits",Delhi NCR,"Sequoia, Coatue, Tiger Global",https://inc42.com/buzz/bharatpe-ashneer-grover-crisis/,Verified,2018.0,indian_startup_graveyard.csv,,,,,,,,,,
Zetwerk (Layoffs),2025.0,560000000.0,B2B Manufacturing,"Layoffs, margin pressures",Bangalore,"Greenoaks, Lightspeed, Sequoia",https://entrackr.com/2025/zetwerk-layoffs/,Verified,2018.0,indian_startup_graveyard.csv,,,,,,,,,,
Curefit (Cult.fit),2025.0,550000000.0,Fitness / HealthTech,"Layoffs, shut down food vertical, gym closures",Bangalore,"Zomato, Tata Digital, Accel",https://entrackr.com/2025/curefit-cult-layoffs/,Verified,2016.0,indian_startup_graveyard.csv,,,,,,,,,,
Good Glamm Group (Crisis),2024.0,500000000.0,D2C Beauty / E-commerce,"Heavy debt, founder exit, brand shutdowns, layoffs",Mumbai,"Warburg Pincus, Prosus, L'Oreal",https://entrackr.com/2024/good-glamm-crisis/,Verified,2015.0,indian_startup_graveyard.csv,,,,,,,,,,
OfBusiness,2025.0,500000000.0,B2B Commerce / Lending,"Layoffs, growth slowdown",Gurugram,"SoftBank, Falcon Edge, Matrix Partners",https://entrackr.com/2025/ofbusiness-layoffs/,Verified,2016.0,indian_startup_graveyard.csv,,,,,,,,,,
Urban Company,2026.0,500000000.0,Home Services,"IPO struggles, partner unrest, layoffs",Gurugram,"Prosus, Tiger Global, Vy Capital",https://inc42.com/buzz/urban-company-2026/,Verified,2014.0,indian_startup_graveyard.csv,,,,,,,,,,
Licious (Layoffs),2024.0,490000000.0,D2C Meat Delivery,"Multiple layoff rounds, profitability struggles",Bangalore,"Temasek, Multiples PE, 3one4 Capital",https://inc42.com/buzz/licious-layoffs-2024/,Verified,2015.0,indian_startup_graveyard.csv,,,,,,,,,,
Spinny,2025.0,475000000.0,Used Cars Marketplace,"Layoffs, market slowdown, profitability pressure",Gurugram,"Tiger Global, General Catalyst, Accel",https://inc42.com/buzz/spinny-layoffs-2025/,Verified,2015.0,indian_startup_graveyard.csv,,,,,,,,,,
Dunzo,2024.0,450000000.0,Quick Commerce / Delivery,"Cash crunch, failed Reliance acquisition talks, massive layoffs",Bangalore,"Reliance Retail, Google, Lightbox",https://inc42.com/buzz/dunzo-lays-off-75-workforce-amid-cash-crunch/,Verified,2015.0,indian_startup_graveyard.csv,,,,,,,,,,
MPL (Mobile Premier League),2025.0,450000000.0,Gaming / E-sports,"GST issues, layoffs, regulatory challenges",Bangalore,"Sequoia, SIG, Go-Ventures",https://inc42.com/buzz/mpl-layoffs-2025/,Verified,2018.0,indian_startup_graveyard.csv,,,,,,,,,,
Innovaccer (Layoffs),2024.0,425000000.0,HealthTech SaaS,"Major layoffs, market challenges",San Francisco/Noida,"Tiger Global, Steadview Capital",https://yourstory.com/2024/innovaccer-layoffs,Verified,2014.0,indian_startup_graveyard.csv,,,,,,,,,,
Groww,2026.0,400000000.0,FinTech / Investment,"Regulatory pressures, growth challenges",Bangalore,"Tiger Global, Sequoia, Ribbit Capital",https://entrackr.com/2026/groww-challenges/,Verified,2016.0,indian_startup_graveyard.csv,,,,,,,,,,
NoBroker,2026.0,361000000.0,PropTech / Real Estate,"Layoffs, market slowdown, profitability issues",Bangalore,"General Atlantic, Tiger Global, BEENEXT",https://entrackr.com/2026/nobroker-layoffs/,Verified,2014.0,indian_startup_graveyard.csv,,,,,,,,,,
Rapido,2026.0,330000000.0,Ride-hailing / Bike Taxi,"Regulatory issues, profitability struggles",Bangalore,"Swiggy, TVS, Nexus",https://entrackr.com/2026/rapido-crisis/,Verified,2015.0,indian_startup_graveyard.csv,,,,,,,,,,
Zilingo,2024.0,300000000.0,Fashion E-commerce,"Accounting fraud, CEO fired, company liquidated",Singapore/India,"Sequoia, Temasek, SoftBank",https://www.forbes.com/sites/zilingo-shutdown/,Verified,2015.0,indian_startup_graveyard.csv,,,,,,,,,,
PhysicsWallah (Alakh Pandey Crisis),2025.0,300000000.0,EdTech,"Centers shutting down, layoffs, profitability issues",Noida,"WestBridge Capital, GSV Ventures",https://inc42.com/buzz/physicswallah-centers-shut/,Verified,2014.0,indian_startup_graveyard.csv,,,,,,,,,,
Mensa Brands (Crisis),2024.0,300000000.0,D2C Rollup,"Brand shutdowns, layoffs, failed acquisitions",Bangalore,"Accel, Falcon Edge, Norwest",https://entrackr.com/2024/mensa-brands-shutdowns/,Verified,2021.0,indian_startup_graveyard.csv,,,,,,,,,,
Vedantu,2025.0,290000000.0,EdTech,"Multiple layoff rounds, acqui-hire discussions",Bangalore,"GGV Capital, Tiger Global, Coatue",https://entrackr.com/2025/vedantu-crisis/,Verified,2014.0,indian_startup_graveyard.csv,,,,,,,,,,
Purplle,2025.0,250000000.0,Beauty E-commerce,"Layoffs, profitability pressure, competition from Nykaa",Mumbai,"Premji Invest, Sequoia, Goldman Sachs",https://inc42.com/buzz/purplle-layoffs/,Verified,2012.0,indian_startup_graveyard.csv,,,,,,,,,,
BluSmart,2024.0,200000000.0,Electric Mobility / Ride-hailing,"Financial irregularities, founder fraud allegations, operations suspended",Delhi NCR,"BP Ventures, Responsiblity, Green Frontier Capital",https://inc42.com/buzz/blusmart-crisis-founders-financial-fraud/,Verified,2019.0,indian_startup_graveyard.csv,,,,,,,,,,
Pocket FM,2025.0,200000000.0,Audio Entertainment,"Layoffs, unit economics challenges",Bangalore,"Lightspeed, Times Internet, Tanglin VP",https://inc42.com/buzz/pocket-fm-layoffs/,Verified,2018.0,indian_startup_graveyard.csv,,,,,,,,,,
LEAD School,2024.0,160000000.0,EdTech,"Mass layoffs, business model struggles, funding winter",Mumbai,"WestBridge Capital, Elevar Equity, GSV Ventures",https://inc42.com/buzz/lead-school-layoffs/,Verified,2012.0,indian_startup_graveyard.csv,,,,,,,,,,
Trell,2024.0,62000000.0,Social Commerce / Short Video,"Shut down app, failed pivot, couldn't compete with Instagram/YouTube",Bangalore,"Sequoia, Mirae Asset, H&M Group",https://inc42.com/buzz/trell-shuts-down-social-commerce/,Verified,2017.0,indian_startup_graveyard.csv,,,,,,,,,,
Mojocare,2024.0,20000000.0,HealthTech / Men's Health,"Shut down operations, failed to raise follow-on funding",Bangalore,"Chiratae Ventures, B Capital",https://inc42.com/buzz/mojocare-shuts-down/,Verified,2020.0,indian_startup_graveyard.csv,,,,,,,,,,
Chingari,2024.0,0.0,Unknown,Decline,India,,,Known,,indian_startup_graveyard.csv,,,,,,,,,,
Nestaway (decline),2024.0,0.0,Unknown,"Major layoffs, scaling down",India,,,Known,,indian_startup_graveyard.csv,,,,,,,,,,
Oyo Rooms (crisis),2024.0,0.0,Unknown,"Massive layoffs, valuation crash",India,,,Known,,indian_startup_graveyard.csv,,,,,,,,,,
BYJU'S (crisis),2024.0,0.0,Unknown,"Massive layoffs, valuation crash",India,,,Known,,indian_startup_graveyard.csv,,,,,,,,,,
Unacademy (layoffs),2024.0,0.0,Unknown,Multiple rounds of layoffs,India,,,Known,,indian_startup_graveyard.csv,,,,,,,,,,
Grabhouse,2024.0,0.0,Unknown,Merged with Quikr,India,,,Known,,indian_startup_graveyard.csv,,,,,,,,,,
SuperLearn,2024.0,0.0,Unknown,Shut down,India,,,Known,,indian_startup_graveyard.csv,,,,,,,,,,
Udayy,2024.0,0.0,Unknown,Shut down,India,,,Known,,indian_startup_graveyard.csv,,,,,,,,,,
Crejo.Fun,2024.0,0.0,Unknown,Shut down,India,,,Known,,indian_startup_graveyard.csv,,,,,,,,,,
Frontrow,2024.0,0.0,Unknown,Shut down,India,,,Known,,indian_startup_graveyard.csv,,,,,,,,,,
Roposo,2024.0,0.0,Unknown,Sold to Glance,India,,,Known,,indian_startup_graveyard.csv,,,,,,,,,,
ShareChat (layoffs),2024.0,0.0,Unknown,Major layoffs,India,,,Known,,indian_startup_graveyard.csv,,,,,,,,,,
Moj (owned by ShareChat),2024.0,0.0,Unknown,Layoffs with parent,India,,,Known,,indian_startup_graveyard.csv,,,,,,,,,,
Lido Learning,2024.0,0.0,Unknown,Shut down,India,,,Known,,indian_startup_graveyard.csv,,,,,,,,,,
Curefit (layoffs),2024.0,0.0,Unknown,"Layoffs, restructuring",India,,,Known,,indian_startup_graveyard.csv,,,,,,,,,,
Koo,2024.0,0.0,Unknown,Shut down,India,,,Known,,indian_startup_graveyard.csv,,,,,,,,,,
Craftsvilla,2024.0,0.0,Unknown,Major decline,India,,,Known,,indian_startup_graveyard.csv,,,,,,,,,,
YourStory (layoffs),2024.0,0.0,Unknown,Layoffs,India,,,Known,,indian_startup_graveyard.csv,,,,,,,,,,
Meesho (layoffs),2024.0,0.0,Unknown,"Layoffs, restructuring",India,,,Known,,indian_startup_graveyard.csv,,,,,,,,,,
MPL,2024.0,0.0,Unknown,Major layoffs,India,,,Known,,indian_startup_graveyard.csv,,,,,,,,,,
UrbanClap/Urban Company (layoffs),2024.0,0.0,Unknown,Layoffs,India,,,Known,,indian_startup_graveyard.csv,,,,,,,,,,
PharmEasy (crisis),2024.0,0.0,Unknown,"Major layoffs, valuation crash",India,,,Known,,indian_startup_graveyard.csv,,,,,,,,,,
GoMechanic,2024.0,0.0,Unknown,"Fraud allegations, crisis",India,,,Known,,indian_startup_graveyard.csv,,,,,,,,,,
BharatPe,2024.0,0.0,Unknown,"Founder controversy, layoffs",India,,,Known,,indian_startup_graveyard.csv,,,,,,,,,,
Pepperfry (layoffs),2024.0,0.0,Unknown,Layoffs,India,,,Known,,indian_startup_graveyard.csv,,,,,,,,,,
Furlenco (layoffs),2024.0,0.0,Unknown,Layoffs,India,,,Known,,indian_startup_graveyard.csv,,,,,,,,,,
Mobile Premier League,2024.0,0.0,Unknown,Layoffs,India,,,Known,,indian_startup_graveyard.csv,,,,,,,,,,
Housing.com (original),2024.0,0.0,Unknown,"Founder fired, merged with PropTiger",India,,,Known,,indian_startup_graveyard.csv,,,,,,,,,,
Commonfloor,2024.0,0.0,Unknown,Merged with Quikr,India,,,Known,,indian_startup_graveyard.csv,,,,,,,,,,
Eatlo,2024.0,0.0,Unknown,Competition from Swiggy/Zomato,India,,,Known,,indian_startup_graveyard.csv,,,,,,,,,,
Lybrate,2024.0,0.0,Unknown,Significant decline,India,,,Known,,indian_startup_graveyard.csv,,,,,,,,,,
HealthKart (B2C),2024.0,0.0,Unknown,Pivoted to B2B (MuscleBlaze),India,,,Known,,indian_startup_graveyard.csv,,,,,,,,,,
Snapdeal (partial),2024.0,0.0,Unknown,"Lost to Flipkart/Amazon, massive layoffs",India,,,Known,,indian_startup_graveyard.csv,,,,,,,,,,
AskMe,2024.0,0.0,Unknown,"Funding dried up, investor disputes",India,,,Known,,indian_startup_graveyard.csv,,,,,,,,,,
PepperTap,2024.0,0.0,Unknown,"Unit economics failed, shut operations",India,,,Known,,indian_startup_graveyard.csv,,,,,,,,,,
LocalBanya,2024.0,0.0,Unknown,Couldn't sustain operations,India,,,Known,,indian_startup_graveyard.csv,,,,,,,,,,
Yebhi,2024.0,0.0,Unknown,"Market competition, funding issues",India,,,Known,,indian_startup_graveyard.csv,,,,,,,,,,
Fashionara,2024.0,0.0,Unknown,Failed to compete,India,,,Known,,indian_startup_graveyard.csv,,,,,,,,,,
Doodhwala,2024.0,0.0,Unknown,Operational challenges,India,,,Known,,indian_startup_graveyard.csv,,,,,,,,,,
ShopClues (decline),2024.0,0.0,Unknown,Sold at massive loss to Qoo10,India,,,Known,,indian_startup_graveyard.csv,,,,,,,,,,
Quikr Assured,2024.0,0.0,Unknown,Service discontinued,India,,,Known,,indian_startup_graveyard.csv,,,,,,,,,,
Tolexo,2024.0,0.0,Unknown,IndiaMART shut it down,India,,,Known,,indian_startup_graveyard.csv,,,,,,,,,,
TinyOwl,2024.0,0.0,Unknown,"Merged with Runnr, then failed",India,,,Known,,indian_startup_graveyard.csv,,,,,,,,,,
Dazo,2024.0,0.0,Unknown,Bangalore operations shut,India,,,Known,,indian_startup_graveyard.csv,,,,,,,,,,
Spoonjoy,2024.0,0.0,Unknown,Couldn't scale,India,,,Known,,indian_startup_graveyard.csv,,,,,,,,,,
Zomato Instant,2024.0,0.0,Unknown,10-min delivery discontinued,India,,,Known,,indian_startup_graveyard.csv,,,,,,,,,,
Grofers (pivoted),2024.0,0.0,Unknown,"Rebranded to Blinkit, sold to Zomato",India,,,Known,,indian_startup_graveyard.csv,,,,,,,,,,
Runnr,2024.0,0.0,Unknown,Merged into Zomato,India,,,Known,,indian_startup_graveyard.csv,,,,,,,,,,
JustRide,2024.0,0.0,Unknown,Lost to Ola/Uber,India,,,Known,,indian_startup_graveyard.csv,,,,,,,,,,
Meru Cabs,2024.0,0.0,Unknown,"Massive decline, sold assets",India,,,Known,,indian_startup_graveyard.csv,,,,,,,,,,
Jugnoo,2024.0,0.0,Unknown,Failed to sustain,India,,,Known,,indian_startup_graveyard.csv,,,,,,,,,,
Zipgo,2024.0,0.0,Unknown,Shut operations,India,,,Known,,indian_startup_graveyard.csv,,,,,,,,,,
Ridlr,2024.0,0.0,Unknown,Ola sold/shut it,India,,,Known,,indian_startup_graveyard.csv,,,,,,,,,,
Stayzilla,2024.0,0.0,Unknown,"Shut down, legal troubles",India,,,Known,,indian_startup_graveyard.csv,,,,,,,,,,
Housejoy,2024.0,0.0,Unknown,Major pivot/decline,India,,,Known,,indian_startup_graveyard.csv,,,,,,,,,,
ZipDial,2024.0,0.0,Unknown,Twitter shut it down,India,,,Known,,indian_startup_graveyard.csv,,,,,,,,,,
Hike Messenger,2024.0,0.0,Unknown,Couldn't compete with WhatsApp,India,,,Known,,indian_startup_graveyard.csv,,,,,,,,,,
Dhani,2024.0,0.0,Unknown,"Major layoffs, pivot",India,,,Known,,indian_startup_graveyard.csv,,,,,,,,,,
Portea Medical,2024.0,0.0,Unknown,"Massive layoffs, scaled down",India,,,Known,,indian_startup_graveyard.csv,,,,,,,,,,
Slice,2024.0,0.0,Unknown,"RBI restrictions, layoffs",India,,,Known,,indian_startup_graveyard.csv,,,,,,,,,,
China’s Export-Led 5%,,,,,,,StartupTalky,,,medial_startup_news.csv,,,,"China’s Export-Led 5% Growth Raises Questions StartupTalky · 3h ago Medial China announced a 5% economic growth, driven by a record $1.19 trillion trade surplus despite U.S. tariffs. However, internal",2025.0,717000000.0,Unknown,https://medial.app/news/chinas-export-led-5percent-growth-raises-questions-eee573801ed7c,China’s Export-Led 5% Growth Raises Questions | Medial 🚀 Medial Secures Investment on Shark Tank India - Fueling the Future of Professional Social Networking. 🔥 ✕ Login Home News Messages Startup Showcase Trackers Premium Premium Content Jobs Notifications Settings Try our Valuation Calculator → Log,
IIFL Fintech,,,,,,,Economic Times,,,medial_startup_news.csv,,,,"IIFL Fintech closes Rs 500-crore second fund - The Economic Times Economic Times · 3h ago Medial IIFL Fintech Fund, backed by the IIFL Group, concluded its second fund with Rs 500 crore from domestic ",2025.0,,Shutdown,https://medial.app/news/iifl-fintech-closes-rs-500-crore-second-fund-the-economic-times-ad0ac1575d9f1,IIFL Fintech closes Rs 500-crore second fund - The Economic Times | Medial 🚀 Medial Secures Investment on Shark Tank India - Fueling the Future of Professional Social Networking. 🔥 ✕ Login Home News Messages Startup Showcase Trackers Premium Premium Content Jobs Notifications Settings Try our Valuat,
Digital India Foundation,,,,,,,Economic Times,,,medial_startup_news.csv,,,,"Digital India Foundation builds platform for failed startups - The Economic Times Economic Times · 16h ago Medial The Digital India Foundation has launched Phoenix Hub, a platform to support failed st",2025.0,,Unknown,https://medial.app/news/digital-india-foundation-builds-platform-for-failed-startups-the-economic-times-0bfd02534108f,Digital India Foundation builds platform for failed startups - The Economic Times | Medial 🚀 Medial Secures Investment on Shark Tank India - Fueling the Future of Professional Social Networking. 🔥 ✕ Login Home News Messages Startup Showcase Trackers Premium Premium Content Jobs Notifications Setting,
Simplilearn revenue slips,,,,,,,Entrackr,,,medial_startup_news.csv,,,,"Simplilearn revenue slips to Rs 556 Cr in FY25, cuts losses Entrackr · 23h ago Medial Simplilearn has struggled to scale up in the last fiscal year, with its operating revenue declining 26% following ",2025.0,,Operational Crisis,https://medial.app/news/simplilearn-revenue-slips-to-rs-556-cr-in-fy25-cuts-losses-9bb39e533891a,"Simplilearn revenue slips to Rs 556 Cr in FY25, cuts losses | Medial 🚀 Medial Secures Investment on Shark Tank India - Fueling the Future of Professional Social Networking. 🔥 ✕ Login Home News Messages Startup Showcase Trackers Premium Premium Content Jobs Notifications Settings Try our Valuation Ca",
House-help startup Pync,,,Recent Shutdown,,,,Recent News Crawl,,,failed_startups_recent_2024_2026.csv,,,,House-help startup Pync shuts down amid fierce competition; founders to join Snabbit,,,,https://economictimes.indiatimes.com/tech/startups/house-help-startup-pync-shuts-down-amid-fierce-competition-founders-to-join-snabbit/articleshow/126530247.cms,,
Talent flows from,,,Recent Shutdown,,,,Recent News Crawl,,,failed_startups_recent_2024_2026.csv,,,,"Talent flows from India, US cannot afford to shut doors",,,,https://economictimes.indiatimes.com/news/international/world-news/talent-flows-from-india-us-cannot-afford-to-shut-doors/articleshow/126435645.cms,,
Delays & disruption:,,,Recent Shutdown,,,,Recent News Crawl,,,failed_startups_recent_2024_2026.csv,,,,Delays & disruption: H-1B anxiety builds up amid US shutdown,,,,https://economictimes.indiatimes.com/tech/technology/delays-disruption-h-1b-anxiety-builds-up-amid-us-shutdown/articleshow/124965668.cms,,
Tiger Global-backed Toplyne,,,Recent Shutdown,,,,Recent News Crawl,,,failed_startups_recent_2024_2026.csv,,,,"Tiger Global-backed Toplyne shuts down, returns investor capital",,,,https://economictimes.indiatimes.com/tech/startups/tiger-global-backed-toplyne-shuts-shop-on-inability-to-achieve-product-market-mix/articleshow/114152375.cms,,
Bengaluru auto rickshaws,,,Recent Shutdown,,,,Recent News Crawl,,,failed_startups_recent_2024_2026.csv,,,,Bengaluru auto rickshaws ply despite strike against bike taxis; behind internet shutdowns in India,,,,https://economictimes.indiatimes.com/tech/newsletters/tech-top-5/bengaluru-auto-rickshaws-ply-despite-strike-against-bike-taxis-behind-internet-shutdowns-in-india/articleshow/98815632.cms,,
India’s dubious record,,,Recent Shutdown,,,,Recent News Crawl,,,failed_startups_recent_2024_2026.csv,,,,India’s dubious record on internet shutdowns set to continue,,,,https://economictimes.indiatimes.com/tech/newsletters/ettech-unwrapped/indias-dubious-record-on-internet-shutdowns-set-to-continue/articleshow/94105055.cms,,
Former Twitter India,,,Recent Shutdown,,,,Recent News Crawl,,,failed_startups_recent_2024_2026.csv,,,,Former Twitter India head’s startup Invact Metaversity stares at shutdown,,,,https://economictimes.indiatimes.com/tech/startups/former-twitter-india-head-manish-maheshwaris-startup-invact-metaversity-is-considering-down-operations/articleshow/91740354.cms,,
India remains trigger-happy,,,Recent Shutdown,,,,Recent News Crawl,,,failed_startups_recent_2024_2026.csv,,,,India remains trigger-happy on internet shutdowns,,,,https://economictimes.indiatimes.com/tech/newsletters/ettech-unwrapped/india-remains-trigger-happy-on-internet-shutdowns/articleshow/91188543.cms,,
Market Movers,,,Recent Shutdown,,,,Recent News Crawl,,,failed_startups_recent_2024_2026.csv,,,,"Market Movers: Angel tax fears lift, loan cost drops & shutdown looms in US",,,,https://economictimes.indiatimes.com/markets/stocks/news/market-movers-angel-tax-fears-lift-loan-cost-drops-shutdown-looms-in-us/articleshow/67186820.cms,,
10 startups that,,,Recent Shutdown,,,,Recent News Crawl,,,failed_startups_recent_2024_2026.csv,,,,10 startups that shut down in 2016,,,,https://economictimes.indiatimes.com/small-biz/startups/10-startups-that-shut-down-in-2016/articleshow/56022024.cms,,
Exclusive,,,Recent Shutdown,,,,Recent News Crawl,,,failed_startups_recent_2024_2026.csv,,,,Exclusive: Ronnie Screwvala’s Upgrad joins list of bidders for bankrupt Byju’s parent,,,,https://economictimes.indiatimes.com/tech/technology/exclusive-ronnie-screwvalas-upgrad-enters-bidding-fray-for-bankrupt-byjus-assets/articleshow/125330733.cms,,
Indian tax authorities,,,Recent Shutdown,,,,Recent News Crawl,,,failed_startups_recent_2024_2026.csv,,,,Indian tax authorities seek $101 million in Byju's insolvency process,,,,https://economictimes.indiatimes.com/markets/stocks/news/indian-tax-authorities-seek-101-million-in-byjus-insolvency-process/articleshow/113142627.cms,,
Tax authorities seek,,,Recent Shutdown,,,,Recent News Crawl,,,failed_startups_recent_2024_2026.csv,,,,Tax authorities seek $101 million in Byju's insolvency process,,,,https://economictimes.indiatimes.com/tech/technology/tax-authorities-seek-101-million-in-byjus-insolvency-process/articleshow/113134813.cms,,
"Facing insolvency, Byju's",,,Recent Shutdown,,,,Recent News Crawl,,,failed_startups_recent_2024_2026.csv,,,,"Facing insolvency, Byju's hit with new challenge from lenders",,,,https://economictimes.indiatimes.com/tech/technology/facing-insolvency-byjus-hit-with-new-challenge-from-lenders/articleshow/112216379.cms,,
Litigation funding startups,,,Recent Shutdown,,,,Recent News Crawl,,,failed_startups_recent_2024_2026.csv,,,,Litigation funding startups eyeing arbitration and insolvency resolution cases,,,,https://economictimes.indiatimes.com/tech/startups/litigation-funding-startups-eyeing-arbitration-and-insolvency-resolution-cases/articleshow/111908630.cms,,
Insolvency and Bankruptcy,,,Recent Shutdown,,,,Recent News Crawl,,,failed_startups_recent_2024_2026.csv,,,,Insolvency and Bankruptcy Code had big role to play in India's startup culture: Justice SK Kaul,,,,https://economictimes.indiatimes.com/tech/startups/insolvency-and-bankruptcy-code-had-big-role-in-indias-startup-culture-justice-sk-kaul/articleshow/97616525.cms,,
"Not just banks,",,,Recent Shutdown,,,,Recent News Crawl,,,failed_startups_recent_2024_2026.csv,,,,"Not just banks, your unpaid supplier of goods or services can now initiate bankruptcy proceedings",,,,https://economictimes.indiatimes.com/small-biz/legal/not-just-banks-your-unpaid-supplier-of-goods-or-services-can-now-initiate-bankruptcy-proceedings/articleshow/59819749.cms,,
Faster insolvency process,,,Recent Shutdown,,,,Recent News Crawl,,,failed_startups_recent_2024_2026.csv,,,,"Faster insolvency process in place for startups, small companies",,,,https://economictimes.indiatimes.com/small-biz/startups/faster-insolvency-process-in-place-for-startups-small-companies/articleshow/59180308.cms,,
Insolvency resolution time,,,Recent Shutdown,,,,Recent News Crawl,,,failed_startups_recent_2024_2026.csv,,,,Insolvency resolution time for smaller companies may be shortened,,,,https://economictimes.indiatimes.com/news/economy/policy/insolvency-resolution-time-for-smaller-companies-may-be-shortened/articleshow/58634638.cms,,
Government proposes to,,,Recent Shutdown,,,,Recent News Crawl,,,failed_startups_recent_2024_2026.csv,,,,Government proposes to fast-track insolvency resolution for startups,,,,https://economictimes.indiatimes.com/small-biz/startups/government-proposes-to-fast-track-insolvency-resolution-for-startups/articleshow/58325347.cms,,
Insolvency & Bankruptcy,,,Recent Shutdown,,,,Recent News Crawl,,,failed_startups_recent_2024_2026.csv,,,,Insolvency & Bankruptcy Code may help unlock Rs 25K crore NPAs: Report,,,,https://economictimes.indiatimes.com/industry/banking/finance/insolvency-bankruptcy-code-may-help-unlock-rs-25k-crore-npas-report/articleshow/55541608.cms,,
Insolvency Code to,,,Recent Shutdown,,,,Recent News Crawl,,,failed_startups_recent_2024_2026.csv,,,,"Insolvency Code to make start, exit easy for startups: Nirmala Sitharaman",,,,https://economictimes.indiatimes.com/small-biz/policy-trends/insolvency-code-to-make-start-exit-easy-for-startups-nirmala-sitharaman/articleshow/51441075.cms,,
Major chicken chain,,,Recent Shutdown,,,,Recent News Crawl,,,failed_startups_recent_2024_2026.csv,,,,Major chicken chain franchisee files for bankruptcy — what went wrong behind the scenes,,,,https://economictimes.indiatimes.com/news/international/us/major-chicken-chain-franchisee-files-for-bankruptcy-what-went-wrong-behind-the-scenes/articleshow/126576362.cms,,
Saks Global files,,,Recent Shutdown,,,,Recent News Crawl,,,failed_startups_recent_2024_2026.csv,,,,Saks Global files for bankruptcy due to heavy debt load months after Neiman Marcus takeover; Here’s how the luxury retail group can revive itself as time runs out,,,,https://economictimes.indiatimes.com/us/business/saks-global-files-for-bankruptcy-due-to-heavy-debt-load-months-after-neiman-marcus-takeover-heres-how-the-luxury-retail-group-can-revive-itself-as-time-runs-out/articleshow/126524533.cms,,
